state,year,county,housing_costs_a1p1s1,housing_costs_mean,child_care_costs_a1p1s1,child_care_costs_mean,food_costs_a1p1s1,food_costs_mean,transportation_costs_a1p1s1,transportation_costs_mean,health_care_costs_a1p1s1,health_care_costs_mean,miscellaneous_costs_a1p1s1,miscellaneous_costs_mean,taxes_a1p1s1,taxes_mean,hourly_self_sufficiency_wage_a1p1s1,hourly_self_sufficiency_wage_mean,monthly_self_sufficiency_wage_a1p1s1,monthly_self_sufficiency_wage_mean,annual_self_sufficiency_wage_a1p1s1,annual_self_sufficiency_wage_mean
VA,2021,Albemarle County,1273.9,1261.294,1570.6,1041.7273333333333,667.25,719.8613333333333,285.91,413.34000000000003,700.1,723.8066666666666,449.78,416.003,1195.57,1038.9486666666667,32.44,21.969333333333335,5709.78,5276.793333333333,68517.31,63321.52533333333
VA,2021,Buckingham County,743,736.9333333333333,831.25,590.8453333333333,645.73,696.64,287.91,416.34000000000003,701.58,725.249,320.95,316.60133333333334,649.31,625.791,20.91,15.232333333333333,3680.6,3706.2560000000003,44167.26,44475.07266666667
VA,2021,Charlottesville city,1292.42,1279.26,1570.6,1041.7273333333333,874.66,943.631,20,30,700.1,723.8066666666666,445.78,401.842,1187.24,992.5646666666667,32.14,21.276666666666667,5657.47,5073.022333333333,67889.63,60876.272333333334
VA,2021,Fluvanna County,1347.33,1333.764,1096.98,726.9426666666667,704.43,759.9723333333333,287.91,416.34000000000003,700.1,723.8066666666666,413.68,396.083,1058.87,963.7503333333333,29.41,20.710333333333335,5175.97,4984.925,62111.59,59819.09766666667
VA,2021,Greene County,1161.86,1150.4313333333332,1096.98,724.9433333333334,671.16,724.0836666666667,285.91,413.34000000000003,700.1,723.8066666666666,391.6,373.6596666666667,973.41,875.6536666666667,27.54,19.268333333333334,4847.7,4645.38,58172.36,55744.55466666666
VA,2021,Louisa County,911,903.5333333333333,1096.98,724.9433333333334,632.03,681.863,287.91,416.34000000000003,645.15,670.2206666666667,357.31,339.6893333333333,841.06,729.665,24.65,16.934666666666665,4338.1,4096.489,52057.23,49157.86833333333
VA,2021,Nelson County,1119.27,1108.648,1114.42,731.918,633.98,683.9736666666666,283.91,410.341,700.1,723.8066666666666,385.17,365.86833333333334,947.59,841.1373333333333,27,18.754666666666665,4751.11,4520.787333333334,57013.34,54249.446
