below_ess_finc,own_rent,count,percent
No,Own,41439,83.91519177028067
No,Rent,7943,16.08480822971933
Yes,Own,8084,59.097887272461435
Yes,Rent,5595,40.902112727538565
