below_ess_finc,dis,count,percent
No,1,12333,8.487021387871948
No,2,132983,91.51297861212805
Yes,1,6617,14.599329273673991
Yes,2,38707,85.40067072632601
