below_ess_finc,median_wage_bin_label,count,percent
No,25610-37760,15451,19.71847163021006
No,37860-48320,9516,12.144260956124455
No,48340-60600,11545,14.733658337374614
No,60640-86950,23947,30.56101482937288
No,88050-238990,17899,22.84259424691799
Yes,25610-37760,5952,41.89778966633816
Yes,37860-48320,2483,17.478530198507674
Yes,48340-60600,2219,15.620160495565255
Yes,60640-86950,2124,14.951428973673094
Yes,88050-238990,1428,10.05209066591581
